variable,corr_with_target
thal,0.5220565142113132
ca,0.4600330256132092
exang,0.4318939871885015
