age_group,target_rate
<=39,0.26666666666666666
40-49,0.3055555555555556
50-59,0.48
60-69,0.6049382716049383
>=70,0.4
