sex,target_rate
0.0,0.25773195876288657
1.0,0.5533980582524272
