ph,Hardness,Solids,Chloramines,Sulfate,Conductivity,Organic_carbon,Trihalomethanes,Turbidity,Potability
7.102446618231696,243.4129414691604,23493.12086392092,4.792738410027001,283.34432098199545,341.43878051903675,16.072773569123683,45.63329548812182,3.0655083720975367,0
5.729689120388078,173.97502714980175,14304.763082849506,5.34008845320107,369.153970035339,471.6799014205503,16.424227242335064,58.1576875097454,5.100552354171285,1
8.153210075272153,127.14489180603142,10280.92949674048,5.828357794463706,267.6368856420806,487.9083271902029,11.943476580641343,90.61935439214014,2.905788134056523,0
5.093675134769971,251.31377951745836,30245.95697484084,6.7188296734823965,267.0260928274,271.63073825352404,14.882428188643305,70.77840809888028,4.552571441876335,0
5.579517092707998,223.61639299672817,13289.201652748288,7.698690079377398,368.897034016997,375.2759694778724,20.2244258107807,104.58088148736014,4.043914692602463,1
