cat__sexo_F,cat__sexo_M,cat__pais_Brasil,cat__pais_Chile,cat__pais_Ecuador,cat__pais_España,num__edad,nivel_satisfaccion
1.0,-1.0,2.2360679774997894,-0.44721359549995787,-0.7071067811865475,-0.7071067811865475,2.027027027027027,1.2998673672393628
-1.0,1.0,-0.44721359549995787,-0.44721359549995787,-0.7071067811865475,1.4142135623730951,-0.08108108108108109,-0.9284766908852594
1.0,-1.0,-0.44721359549995787,2.2360679774997894,-0.7071067811865475,-0.7071067811865475,-0.35135135135135137,0.18569533817705183
-1.0,1.0,-0.44721359549995787,-0.44721359549995787,1.4142135623730951,-0.7071067811865475,-0.8378378378378378,-0.9284766908852594
1.0,-1.0,-0.44721359549995787,-0.44721359549995787,-0.7071067811865475,1.4142135623730951,0.24324324324324326,1.2998673672393628
-1.0,1.0,-0.44721359549995787,-0.44721359549995787,1.4142135623730951,-0.7071067811865475,-1.0,-0.9284766908852594
