sexo_M,sexo_F,edad,pais_Brasil,pais_Chile,pais_Ecuador,pais_España,nivelSatisfaccion
1.0,-1.0,2.027027027027027,2.2360679774997894,-0.44721359549995787,-0.7071067811865475,-0.7071067811865475,1.2998673672393628
-1.0,1.0,-0.08108108108108109,-0.44721359549995787,-0.44721359549995787,-0.7071067811865475,1.4142135623730951,-0.9284766908852594
1.0,-1.0,-0.35135135135135137,-0.44721359549995787,2.2360679774997894,-0.7071067811865475,-0.7071067811865475,0.18569533817705183
-1.0,1.0,-0.8378378378378378,-0.44721359549995787,-0.44721359549995787,1.4142135623730951,-0.7071067811865475,-0.9284766908852594
1.0,-1.0,0.24324324324324326,-0.44721359549995787,-0.44721359549995787,-0.7071067811865475,1.4142135623730951,1.2998673672393628
-1.0,1.0,-1.0,-0.44721359549995787,-0.44721359549995787,1.4142135623730951,-0.7071067811865475,-0.9284766908852594
