cat__sexo_F,cat__sexo_M,cat__pais_Brasil,cat__pais_Chile,cat__pais_Ecuador,cat__pais_España,num__edad,nivel_satisfaccion
1.0,0.0,1.0,0.0,0.0,0.0,2.027027027027027,2
0.0,1.0,0.0,0.0,0.0,1.0,-0.08108108108108109,0
1.0,0.0,0.0,1.0,0.0,0.0,-0.35135135135135137,1
0.0,1.0,0.0,0.0,1.0,0.0,-0.8378378378378378,0
1.0,0.0,0.0,0.0,0.0,1.0,0.24324324324324326,2
0.0,1.0,0.0,0.0,1.0,0.0,-1.0,0
