,PassengerId,Survived,Pclass,Age,SibSp,Parch,Fare
PassengerId,1.0,-0.0050066607670665175,-0.03514399403038102,0.03421211199737627,-0.0575268337844415,-0.0016520124027188366,0.012658219287491099
Survived,-0.0050066607670665175,1.0,-0.33848103596101514,-0.06491041993052588,-0.035322498885735576,0.08162940708348335,0.2573065223849626
Pclass,-0.03514399403038102,-0.33848103596101514,1.0,-0.33989832839258594,0.08308136284568686,0.018442671310748508,-0.5494996199439076
Age,0.03421211199737627,-0.06491041993052588,-0.33989832839258594,1.0,-0.23329633125248891,-0.17248195403694871,0.0966884221803649
SibSp,-0.0575268337844415,-0.035322498885735576,0.08308136284568686,-0.23329633125248891,1.0,0.41483769862015624,0.159651043242161
Parch,-0.0016520124027188366,0.08162940708348335,0.018442671310748508,-0.17248195403694871,0.41483769862015624,1.0,0.21622494477076448
Fare,0.012658219287491099,0.2573065223849626,-0.5494996199439076,0.0966884221803649,0.159651043242161,0.21622494477076448,1.0
