age_group,survival_rate
nino,0.5797101449275363
adolescente,0.42857142857142855
adulto_joven,0.3532710280373832
adulto,0.39869281045751637
mayor,0.34375
